shape,tree_count,gpus,bandwidth_gbps_assumed,seed,policy,p50_s,p95_s,p99_s,transferred_kv_gb,recomputed_prefix_tokens
balanced,4,4,5.0,0,local-only,32.176413333333336,34.55812,34.55812,0.0,0
balanced,4,4,5.0,0,least-loaded,26.740013333333337,32.31248000000001,32.31248000000001,177.52490234375,10648
balanced,4,4,5.0,0,KV-cost,26.740013333333337,32.31248000000001,32.31248000000001,177.52490234375,10648
balanced,4,4,5.0,0,tree-aware-greedy-oracle,24.995813333333338,32.41248000000001,32.41248000000001,177.88623046875,5790
balanced,4,4,5.0,0,sibling-aware-oracle,24.995813333333338,32.41248000000001,32.41248000000001,177.88623046875,5790
balanced,4,4,5.0,1,local-only,32.99258666666667,36.52849333333334,36.52849333333334,0.0,0
balanced,4,4,5.0,1,least-loaded,26.86182666666667,34.34524854166667,34.34524854166667,209.8486328125,0
balanced,4,4,5.0,1,KV-cost,26.86182666666667,34.34524854166667,34.34524854166667,209.8486328125,0
balanced,4,4,5.0,1,tree-aware-greedy-oracle,27.46182666666667,34.045248541666666,34.045248541666666,201.6025390625,0
balanced,4,4,5.0,1,sibling-aware-oracle,27.46182666666667,34.045248541666666,34.045248541666666,201.6025390625,0
balanced,4,4,5.0,2,local-only,31.022173333333335,41.39976000000001,41.39976000000001,0.0,0
balanced,4,4,5.0,2,least-loaded,28.216426666666663,33.869373333333336,33.869373333333336,157.55908203125,10098
balanced,4,4,5.0,2,KV-cost,28.216426666666663,33.869373333333336,33.869373333333336,157.55908203125,10098
balanced,4,4,5.0,2,tree-aware-greedy-oracle,29.13309333333333,34.00682479166667,34.00682479166667,171.14501953125,10098
balanced,4,4,5.0,2,sibling-aware-oracle,29.13309333333333,34.00682479166667,34.00682479166667,171.14501953125,10098
balanced,4,4,5.0,3,local-only,33.64321333333334,34.45413333333333,34.45413333333333,0.0,0
balanced,4,4,5.0,3,least-loaded,25.444866666666673,34.405480000000004,34.405480000000004,168.61376953125,2390
balanced,4,4,5.0,3,KV-cost,25.444866666666673,34.405480000000004,34.405480000000004,168.61376953125,2390
balanced,4,4,5.0,3,tree-aware-greedy-oracle,26.56153333333334,34.52820000000001,34.52820000000001,169.0625,2390
balanced,4,4,5.0,3,sibling-aware-oracle,26.56153333333334,34.52820000000001,34.52820000000001,169.0625,2390
balanced,4,4,5.0,4,local-only,32.00577333333332,34.190160000000006,34.190160000000006,0.0,0
balanced,4,4,5.0,4,least-loaded,28.30192,32.90577333333333,32.90577333333333,189.09375,11500
balanced,4,4,5.0,4,KV-cost,28.30192,32.90577333333333,32.90577333333333,189.09375,11500
balanced,4,4,5.0,4,tree-aware-greedy-oracle,26.005773333333334,32.78146666666667,32.78146666666667,206.66845703125,11500
balanced,4,4,5.0,4,sibling-aware-oracle,26.005773333333334,32.78146666666667,32.78146666666667,206.66845703125,11500
balanced,4,4,20.0,0,local-only,32.176413333333336,34.55812,34.55812,0.0,0
balanced,4,4,20.0,0,least-loaded,26.174786666666662,32.12421333333334,32.12421333333334,183.59716796875,0
balanced,4,4,20.0,0,KV-cost,26.174786666666662,32.12421333333334,32.12421333333334,183.59716796875,0
balanced,4,4,20.0,0,tree-aware-greedy-oracle,24.95812,32.11248,32.11248,193.39111328125,0
balanced,4,4,20.0,0,sibling-aware-oracle,24.95812,32.11248,32.11248,193.39111328125,0
balanced,4,4,20.0,1,local-only,32.99258666666667,36.52849333333334,36.52849333333334,0.0,0
balanced,4,4,20.0,1,least-loaded,27.759253333333334,34.042586666666665,34.042586666666665,189.6630859375,0
balanced,4,4,20.0,1,KV-cost,27.759253333333334,34.042586666666665,34.042586666666665,189.6630859375,0
balanced,4,4,20.0,1,tree-aware-greedy-oracle,27.40222666666667,34.018893333333345,34.018893333333345,186.48486328125,0
balanced,4,4,20.0,1,sibling-aware-oracle,27.40222666666667,34.018893333333345,34.018893333333345,186.48486328125,0
balanced,4,4,20.0,2,local-only,31.022173333333335,41.39976000000001,41.39976000000001,0.0,0
balanced,4,4,20.0,2,least-loaded,28.250439999999994,34.10043999999999,34.10043999999999,172.8623046875,0
balanced,4,4,20.0,2,KV-cost,28.250439999999994,34.10043999999999,34.10043999999999,172.8623046875,0
balanced,4,4,20.0,2,tree-aware-greedy-oracle,27.855506666666663,33.600440000000006,33.600440000000006,171.92724609375,0
balanced,4,4,20.0,2,sibling-aware-oracle,27.855506666666663,33.600440000000006,33.600440000000006,171.92724609375,0
balanced,4,4,20.0,3,local-only,33.64321333333334,34.45413333333333,34.45413333333333,0.0,0
balanced,4,4,20.0,3,least-loaded,25.504133333333336,34.47080000000001,34.47080000000001,167.7587890625,0
balanced,4,4,20.0,3,KV-cost,25.504133333333336,34.47080000000001,34.47080000000001,167.7587890625,0
balanced,4,4,20.0,3,tree-aware-greedy-oracle,26.56153333333334,34.14486666666668,34.14486666666668,168.876953125,0
balanced,4,4,20.0,3,sibling-aware-oracle,26.56153333333334,34.14486666666668,34.14486666666668,168.876953125,0
balanced,4,4,20.0,4,local-only,32.00577333333332,34.190160000000006,34.190160000000006,0.0,0
balanced,4,4,20.0,4,least-loaded,28.113365130208333,32.66077333333333,32.66077333333333,191.84765625,0
balanced,4,4,20.0,4,KV-cost,28.113365130208333,32.66077333333333,32.66077333333333,191.84765625,0
balanced,4,4,20.0,4,tree-aware-greedy-oracle,25.830031796875005,32.51336513020834,32.51336513020834,186.71044921875,0
balanced,4,4,20.0,4,sibling-aware-oracle,25.830031796875005,32.51336513020834,32.51336513020834,186.71044921875,0
balanced,4,4,80.0,0,local-only,32.176413333333336,34.55812,34.55812,0.0,0
balanced,4,4,80.0,0,least-loaded,26.174786666666662,32.12421333333334,32.12421333333334,183.59716796875,0
balanced,4,4,80.0,0,KV-cost,26.174786666666662,32.12421333333334,32.12421333333334,183.59716796875,0
balanced,4,4,80.0,0,tree-aware-greedy-oracle,24.95812,32.11248,32.11248,193.39111328125,0
balanced,4,4,80.0,0,sibling-aware-oracle,24.95812,32.11248,32.11248,193.39111328125,0
balanced,4,4,80.0,1,local-only,32.99258666666667,36.52849333333334,36.52849333333334,0.0,0
balanced,4,4,80.0,1,least-loaded,27.759253333333334,34.042586666666665,34.042586666666665,189.6630859375,0
balanced,4,4,80.0,1,KV-cost,27.759253333333334,34.042586666666665,34.042586666666665,189.6630859375,0
balanced,4,4,80.0,1,tree-aware-greedy-oracle,27.40222666666667,34.018893333333345,34.018893333333345,186.48486328125,0
balanced,4,4,80.0,1,sibling-aware-oracle,27.40222666666667,34.018893333333345,34.018893333333345,186.48486328125,0
balanced,4,4,80.0,2,local-only,31.022173333333335,41.39976000000001,41.39976000000001,0.0,0
balanced,4,4,80.0,2,least-loaded,29.505506666666662,33.80074666666667,33.80074666666667,176.58837890625,0
balanced,4,4,80.0,2,KV-cost,29.505506666666662,33.80074666666667,33.80074666666667,176.58837890625,0
balanced,4,4,80.0,2,tree-aware-greedy-oracle,28.733093333333336,33.699760000000005,33.699760000000005,185.49951171875,0
balanced,4,4,80.0,2,sibling-aware-oracle,28.733093333333336,33.699760000000005,33.699760000000005,185.49951171875,0
balanced,4,4,80.0,3,local-only,33.64321333333334,34.45413333333333,34.45413333333333,0.0,0
balanced,4,4,80.0,3,least-loaded,25.504133333333336,34.47080000000001,34.47080000000001,167.7587890625,0
balanced,4,4,80.0,3,KV-cost,25.504133333333336,34.47080000000001,34.47080000000001,167.7587890625,0
balanced,4,4,80.0,3,tree-aware-greedy-oracle,26.60988000000001,34.126973333333346,34.126973333333346,170.8271484375,0
balanced,4,4,80.0,3,sibling-aware-oracle,26.60988000000001,34.126973333333346,34.126973333333346,170.8271484375,0
balanced,4,4,80.0,4,local-only,32.00577333333332,34.190160000000006,34.190160000000006,0.0,0
balanced,4,4,80.0,4,least-loaded,28.10924,32.66077333333333,32.66077333333333,210.8427734375,0
balanced,4,4,80.0,4,KV-cost,28.10924,32.66077333333333,32.66077333333333,210.8427734375,0
balanced,4,4,80.0,4,tree-aware-greedy-oracle,27.389106666666663,32.53910666666666,32.53910666666666,199.80078125,0
balanced,4,4,80.0,4,sibling-aware-oracle,27.389106666666663,32.53910666666666,32.53910666666666,199.80078125,0
balanced,16,4,5.0,0,local-only,98.95037333333336,133.74825333333325,133.74825333333325,0.0,0
balanced,16,4,5.0,0,least-loaded,98.66399999999997,130.66703999999993,130.66703999999993,790.7255859375,0
balanced,16,4,5.0,0,KV-cost,98.66399999999997,130.66703999999993,130.66703999999993,790.7255859375,0
balanced,16,4,5.0,0,tree-aware-greedy-oracle,99.40170666666666,130.38503999999995,130.38503999999995,778.9443359375,0
balanced,16,4,5.0,0,sibling-aware-oracle,99.29646666666666,130.41313333333332,130.41313333333332,777.69677734375,0
balanced,16,4,5.0,1,local-only,104.33128,166.5576666666665,166.5576666666665,0.0,0
balanced,16,4,5.0,1,least-loaded,99.79137333333334,133.341,133.341,751.4677734375,0
balanced,16,4,5.0,1,KV-cost,99.79137333333334,133.341,133.341,751.4677734375,0
balanced,16,4,5.0,1,tree-aware-greedy-oracle,100.16638666666667,133.02718666666664,133.02718666666664,748.96435546875,0
balanced,16,4,5.0,1,sibling-aware-oracle,100.16638666666667,133.02718666666664,133.02718666666664,748.96435546875,0
balanced,16,4,5.0,2,local-only,106.04689333333329,143.29689333333332,143.29689333333332,0.0,0
balanced,16,4,5.0,2,least-loaded,101.48022666666661,135.7578266666666,135.7578266666666,705.216796875,0
balanced,16,4,5.0,2,KV-cost,101.48022666666661,135.7578266666666,135.7578266666666,705.216796875,0
balanced,16,4,5.0,2,tree-aware-greedy-oracle,103.28152000000001,135.73152000000002,135.73152000000002,692.42724609375,0
balanced,16,4,5.0,2,sibling-aware-oracle,103.28152000000001,135.73152000000002,135.73152000000002,692.42724609375,0
balanced,16,4,5.0,3,local-only,102.84587999999998,172.49046666666666,172.49046666666666,0.0,0
balanced,16,4,5.0,3,least-loaded,102.52626666666664,133.45959999999997,133.45959999999997,803.9462890625,0
balanced,16,4,5.0,3,KV-cost,102.52626666666664,133.45959999999997,133.45959999999997,803.9462890625,0
balanced,16,4,5.0,3,tree-aware-greedy-oracle,104.87498666666663,133.17451999999997,133.17451999999997,759.5263671875,0
balanced,16,4,5.0,3,sibling-aware-oracle,104.87498666666663,133.17451999999997,133.17451999999997,759.5263671875,0
balanced,16,4,5.0,4,local-only,101.48027999999998,167.44604000000004,167.44604000000004,0.0,0
balanced,16,4,5.0,4,least-loaded,98.99310666666665,132.0969466666667,132.0969466666667,771.095703125,0
balanced,16,4,5.0,4,KV-cost,98.99310666666665,132.0969466666667,132.0969466666667,771.095703125,0
balanced,16,4,5.0,4,tree-aware-greedy-oracle,99.07868000000002,131.87123999999994,131.87123999999994,798.21923828125,0
balanced,16,4,5.0,4,sibling-aware-oracle,99.07868000000002,131.87123999999994,131.87123999999994,798.21923828125,0
balanced,16,4,20.0,0,local-only,98.95037333333336,133.74825333333325,133.74825333333325,0.0,0
balanced,16,4,20.0,0,least-loaded,98.66399999999997,130.66703999999993,130.66703999999993,790.7255859375,0
balanced,16,4,20.0,0,KV-cost,98.66399999999997,130.66703999999993,130.66703999999993,790.7255859375,0
balanced,16,4,20.0,0,tree-aware-greedy-oracle,99.40170666666666,130.38503999999995,130.38503999999995,778.9443359375,0
balanced,16,4,20.0,0,sibling-aware-oracle,99.29646666666666,130.41313333333332,130.41313333333332,777.69677734375,0
balanced,16,4,20.0,1,local-only,104.33128,166.5576666666665,166.5576666666665,0.0,0
balanced,16,4,20.0,1,least-loaded,99.79137333333334,133.341,133.341,751.4677734375,0
balanced,16,4,20.0,1,KV-cost,99.79137333333334,133.341,133.341,751.4677734375,0
balanced,16,4,20.0,1,tree-aware-greedy-oracle,100.16638666666667,133.02718666666664,133.02718666666664,748.96435546875,0
balanced,16,4,20.0,1,sibling-aware-oracle,100.16638666666667,133.02718666666664,133.02718666666664,748.96435546875,0
balanced,16,4,20.0,2,local-only,106.04689333333329,143.29689333333332,143.29689333333332,0.0,0
balanced,16,4,20.0,2,least-loaded,101.48022666666661,135.7578266666666,135.7578266666666,705.216796875,0
balanced,16,4,20.0,2,KV-cost,101.48022666666661,135.7578266666666,135.7578266666666,705.216796875,0
balanced,16,4,20.0,2,tree-aware-greedy-oracle,103.28152000000001,135.73152000000002,135.73152000000002,692.42724609375,0
balanced,16,4,20.0,2,sibling-aware-oracle,103.28152000000001,135.73152000000002,135.73152000000002,692.42724609375,0
balanced,16,4,20.0,3,local-only,102.84587999999998,172.49046666666666,172.49046666666666,0.0,0
balanced,16,4,20.0,3,least-loaded,102.52626666666664,133.45959999999997,133.45959999999997,803.9462890625,0
balanced,16,4,20.0,3,KV-cost,102.52626666666664,133.45959999999997,133.45959999999997,803.9462890625,0
balanced,16,4,20.0,3,tree-aware-greedy-oracle,104.87498666666663,133.17451999999997,133.17451999999997,759.5263671875,0
balanced,16,4,20.0,3,sibling-aware-oracle,104.87498666666663,133.17451999999997,133.17451999999997,759.5263671875,0
balanced,16,4,20.0,4,local-only,101.48027999999998,167.44604000000004,167.44604000000004,0.0,0
balanced,16,4,20.0,4,least-loaded,98.99310666666665,132.0969466666667,132.0969466666667,771.095703125,0
balanced,16,4,20.0,4,KV-cost,98.99310666666665,132.0969466666667,132.0969466666667,771.095703125,0
balanced,16,4,20.0,4,tree-aware-greedy-oracle,99.07868000000002,131.87123999999994,131.87123999999994,798.21923828125,0
balanced,16,4,20.0,4,sibling-aware-oracle,99.07868000000002,131.87123999999994,131.87123999999994,798.21923828125,0
balanced,16,4,80.0,0,local-only,98.95037333333336,133.74825333333325,133.74825333333325,0.0,0
balanced,16,4,80.0,0,least-loaded,98.66399999999997,130.66703999999993,130.66703999999993,790.7255859375,0
balanced,16,4,80.0,0,KV-cost,98.66399999999997,130.66703999999993,130.66703999999993,790.7255859375,0
balanced,16,4,80.0,0,tree-aware-greedy-oracle,99.40170666666666,130.38503999999995,130.38503999999995,778.9443359375,0
balanced,16,4,80.0,0,sibling-aware-oracle,99.29646666666666,130.41313333333332,130.41313333333332,777.69677734375,0
balanced,16,4,80.0,1,local-only,104.33128,166.5576666666665,166.5576666666665,0.0,0
balanced,16,4,80.0,1,least-loaded,99.79137333333334,133.341,133.341,751.4677734375,0
balanced,16,4,80.0,1,KV-cost,99.79137333333334,133.341,133.341,751.4677734375,0
balanced,16,4,80.0,1,tree-aware-greedy-oracle,100.16638666666667,133.02718666666664,133.02718666666664,748.96435546875,0
balanced,16,4,80.0,1,sibling-aware-oracle,100.16638666666667,133.02718666666664,133.02718666666664,748.96435546875,0
balanced,16,4,80.0,2,local-only,106.04689333333329,143.29689333333332,143.29689333333332,0.0,0
balanced,16,4,80.0,2,least-loaded,101.48022666666661,135.7578266666666,135.7578266666666,705.216796875,0
balanced,16,4,80.0,2,KV-cost,101.48022666666661,135.7578266666666,135.7578266666666,705.216796875,0
balanced,16,4,80.0,2,tree-aware-greedy-oracle,103.28152000000001,135.73152000000002,135.73152000000002,692.42724609375,0
balanced,16,4,80.0,2,sibling-aware-oracle,103.28152000000001,135.73152000000002,135.73152000000002,692.42724609375,0
balanced,16,4,80.0,3,local-only,102.84587999999998,172.49046666666666,172.49046666666666,0.0,0
balanced,16,4,80.0,3,least-loaded,102.52626666666664,133.45959999999997,133.45959999999997,803.9462890625,0
balanced,16,4,80.0,3,KV-cost,102.52626666666664,133.45959999999997,133.45959999999997,803.9462890625,0
balanced,16,4,80.0,3,tree-aware-greedy-oracle,104.87498666666663,133.17451999999997,133.17451999999997,759.5263671875,0
balanced,16,4,80.0,3,sibling-aware-oracle,104.87498666666663,133.17451999999997,133.17451999999997,759.5263671875,0
balanced,16,4,80.0,4,local-only,101.48027999999998,167.44604000000004,167.44604000000004,0.0,0
balanced,16,4,80.0,4,least-loaded,98.99310666666665,132.0969466666667,132.0969466666667,771.095703125,0
balanced,16,4,80.0,4,KV-cost,98.99310666666665,132.0969466666667,132.0969466666667,771.095703125,0
balanced,16,4,80.0,4,tree-aware-greedy-oracle,99.07868000000002,131.87123999999994,131.87123999999994,798.21923828125,0
balanced,16,4,80.0,4,sibling-aware-oracle,99.07868000000002,131.87123999999994,131.87123999999994,798.21923828125,0
balanced,64,4,5.0,0,local-only,399.0574533333335,522.6721733333337,536.7074533333335,0.0,0
balanced,64,4,5.0,0,least-loaded,396.9140933333336,521.0307600000003,530.1221733333336,2986.2255859375,0
balanced,64,4,5.0,0,KV-cost,396.9140933333336,521.0307600000003,530.1221733333336,2986.2255859375,0
balanced,64,4,5.0,0,tree-aware-greedy-oracle,400.775986666667,521.5093200000006,530.1093200000007,3021.76806640625,0
balanced,64,4,5.0,0,sibling-aware-oracle,400.76518666666686,521.5357733333336,530.1357733333338,2994.50146484375,0
balanced,64,4,5.0,1,local-only,402.3011733333333,541.5200933333334,593.7034266666669,0.0,0
balanced,64,4,5.0,1,least-loaded,398.98676000000006,523.7028800000003,532.2644800000003,3198.708984375,0
balanced,64,4,5.0,1,KV-cost,398.98676000000006,523.7028800000003,532.2644800000003,3198.708984375,0
balanced,64,4,5.0,1,tree-aware-greedy-oracle,401.87961333333345,520.669413333334,532.0962800000002,3068.685546875,0
balanced,64,4,5.0,1,sibling-aware-oracle,401.87961333333345,520.669413333334,532.0962800000002,3068.685546875,0
balanced,64,4,5.0,2,local-only,400.658626666667,527.8312666666673,551.2586266666672,0.0,0
balanced,64,4,5.0,2,least-loaded,396.01192000000054,520.1146000000006,531.7252933333338,2975.48828125,0
balanced,64,4,5.0,2,KV-cost,396.01192000000054,520.1146000000006,531.7252933333338,2975.48828125,0
balanced,64,4,5.0,2,tree-aware-greedy-oracle,403.1736533333337,521.1569866666674,531.5403200000006,2979.1591796875,0
balanced,64,4,5.0,2,sibling-aware-oracle,403.16366666666664,521.1559600000007,531.539293333334,2937.26025390625,0
balanced,64,4,5.0,3,local-only,408.70831999999984,532.51016,566.31016,0.0,0
balanced,64,4,5.0,3,least-loaded,401.61016,524.0416533333333,536.6089866666662,3091.525390625,0
balanced,64,4,5.0,3,KV-cost,401.61016,524.0416533333333,536.6089866666662,3091.525390625,0
balanced,64,4,5.0,3,tree-aware-greedy-oracle,405.38541333333313,527.3331466666667,536.1498133333336,3101.8798828125,0
balanced,64,4,5.0,3,sibling-aware-oracle,405.38541333333313,527.3331466666667,536.1498133333336,3101.8798828125,0
balanced,64,4,5.0,4,local-only,397.06814666666645,541.0709866666665,561.8661199999995,0.0,0
balanced,64,4,5.0,4,least-loaded,396.93278666666674,521.3209866666671,529.7543200000003,3127.37939453125,0
balanced,64,4,5.0,4,KV-cost,396.93278666666674,521.3209866666671,529.7543200000003,3127.37939453125,0
balanced,64,4,5.0,4,tree-aware-greedy-oracle,400.7236666666666,517.6456666666672,529.5426666666666,3119.23876953125,0
balanced,64,4,5.0,4,sibling-aware-oracle,400.6212266666666,517.6236666666666,529.5403333333333,3044.06787109375,0
balanced,64,4,20.0,0,local-only,399.0574533333335,522.6721733333337,536.7074533333335,0.0,0
balanced,64,4,20.0,0,least-loaded,396.9140933333336,521.0307600000003,530.1221733333336,2986.2255859375,0
balanced,64,4,20.0,0,KV-cost,396.9140933333336,521.0307600000003,530.1221733333336,2986.2255859375,0
balanced,64,4,20.0,0,tree-aware-greedy-oracle,400.775986666667,521.5093200000006,530.1093200000007,3021.76806640625,0
balanced,64,4,20.0,0,sibling-aware-oracle,400.76518666666686,521.5357733333336,530.1357733333338,2994.50146484375,0
balanced,64,4,20.0,1,local-only,402.3011733333333,541.5200933333334,593.7034266666669,0.0,0
balanced,64,4,20.0,1,least-loaded,398.98676000000006,523.7028800000003,532.2644800000003,3198.708984375,0
balanced,64,4,20.0,1,KV-cost,398.98676000000006,523.7028800000003,532.2644800000003,3198.708984375,0
balanced,64,4,20.0,1,tree-aware-greedy-oracle,401.87961333333345,520.669413333334,532.0962800000002,3068.685546875,0
balanced,64,4,20.0,1,sibling-aware-oracle,401.87961333333345,520.669413333334,532.0962800000002,3068.685546875,0
balanced,64,4,20.0,2,local-only,400.658626666667,527.8312666666673,551.2586266666672,0.0,0
balanced,64,4,20.0,2,least-loaded,396.01192000000054,520.1146000000006,531.7252933333338,2975.48828125,0
balanced,64,4,20.0,2,KV-cost,396.01192000000054,520.1146000000006,531.7252933333338,2975.48828125,0
balanced,64,4,20.0,2,tree-aware-greedy-oracle,403.1736533333337,521.1569866666674,531.5403200000006,2979.1591796875,0
balanced,64,4,20.0,2,sibling-aware-oracle,403.16366666666664,521.1559600000007,531.539293333334,2937.26025390625,0
balanced,64,4,20.0,3,local-only,408.70831999999984,532.51016,566.31016,0.0,0
balanced,64,4,20.0,3,least-loaded,401.61016,524.0416533333333,536.6089866666662,3091.525390625,0
balanced,64,4,20.0,3,KV-cost,401.61016,524.0416533333333,536.6089866666662,3091.525390625,0
balanced,64,4,20.0,3,tree-aware-greedy-oracle,405.38541333333313,527.3331466666667,536.1498133333336,3101.8798828125,0
balanced,64,4,20.0,3,sibling-aware-oracle,405.38541333333313,527.3331466666667,536.1498133333336,3101.8798828125,0
balanced,64,4,20.0,4,local-only,397.06814666666645,541.0709866666665,561.8661199999995,0.0,0
balanced,64,4,20.0,4,least-loaded,396.93278666666674,521.3209866666671,529.7543200000003,3127.37939453125,0
balanced,64,4,20.0,4,KV-cost,396.93278666666674,521.3209866666671,529.7543200000003,3127.37939453125,0
balanced,64,4,20.0,4,tree-aware-greedy-oracle,400.7236666666666,517.6456666666672,529.5426666666666,3119.23876953125,0
balanced,64,4,20.0,4,sibling-aware-oracle,400.6212266666666,517.6236666666666,529.5403333333333,3044.06787109375,0
balanced,64,4,80.0,0,local-only,399.0574533333335,522.6721733333337,536.7074533333335,0.0,0
balanced,64,4,80.0,0,least-loaded,396.9140933333336,521.0307600000003,530.1221733333336,2986.2255859375,0
balanced,64,4,80.0,0,KV-cost,396.9140933333336,521.0307600000003,530.1221733333336,2986.2255859375,0
balanced,64,4,80.0,0,tree-aware-greedy-oracle,400.775986666667,521.5093200000006,530.1093200000007,3021.76806640625,0
balanced,64,4,80.0,0,sibling-aware-oracle,400.76518666666686,521.5357733333336,530.1357733333338,2994.50146484375,0
balanced,64,4,80.0,1,local-only,402.3011733333333,541.5200933333334,593.7034266666669,0.0,0
balanced,64,4,80.0,1,least-loaded,398.98676000000006,523.7028800000003,532.2644800000003,3198.708984375,0
balanced,64,4,80.0,1,KV-cost,398.98676000000006,523.7028800000003,532.2644800000003,3198.708984375,0
balanced,64,4,80.0,1,tree-aware-greedy-oracle,401.87961333333345,520.669413333334,532.0962800000002,3068.685546875,0
balanced,64,4,80.0,1,sibling-aware-oracle,401.87961333333345,520.669413333334,532.0962800000002,3068.685546875,0
balanced,64,4,80.0,2,local-only,400.658626666667,527.8312666666673,551.2586266666672,0.0,0
balanced,64,4,80.0,2,least-loaded,396.01192000000054,520.1146000000006,531.7252933333338,2975.48828125,0
balanced,64,4,80.0,2,KV-cost,396.01192000000054,520.1146000000006,531.7252933333338,2975.48828125,0
balanced,64,4,80.0,2,tree-aware-greedy-oracle,403.1736533333337,521.1569866666674,531.5403200000006,2979.1591796875,0
balanced,64,4,80.0,2,sibling-aware-oracle,403.16366666666664,521.1559600000007,531.539293333334,2937.26025390625,0
balanced,64,4,80.0,3,local-only,408.70831999999984,532.51016,566.31016,0.0,0
balanced,64,4,80.0,3,least-loaded,401.61016,524.0416533333333,536.6089866666662,3091.525390625,0
balanced,64,4,80.0,3,KV-cost,401.61016,524.0416533333333,536.6089866666662,3091.525390625,0
balanced,64,4,80.0,3,tree-aware-greedy-oracle,405.38541333333313,527.3331466666667,536.1498133333336,3101.8798828125,0
balanced,64,4,80.0,3,sibling-aware-oracle,405.38541333333313,527.3331466666667,536.1498133333336,3101.8798828125,0
balanced,64,4,80.0,4,local-only,397.06814666666645,541.0709866666665,561.8661199999995,0.0,0
balanced,64,4,80.0,4,least-loaded,396.93278666666674,521.3209866666671,529.7543200000003,3127.37939453125,0
balanced,64,4,80.0,4,KV-cost,396.93278666666674,521.3209866666671,529.7543200000003,3127.37939453125,0
balanced,64,4,80.0,4,tree-aware-greedy-oracle,400.7236666666666,517.6456666666672,529.5426666666666,3119.23876953125,0
balanced,64,4,80.0,4,sibling-aware-oracle,400.6212266666666,517.6236666666666,529.5403333333333,3044.06787109375,0
uneven,4,4,5.0,0,local-only,32.17641333333333,34.55812000000001,34.55812000000001,0.0,0
uneven,4,4,5.0,0,least-loaded,31.56913333333334,33.187053333333346,33.187053333333346,153.02099609375,20726
uneven,4,4,5.0,0,KV-cost,31.56913333333334,32.94581333333334,32.94581333333334,153.02099609375,14695
uneven,4,4,5.0,0,tree-aware-greedy-oracle,31.779146666666666,32.84001333333334,32.84001333333334,152.68310546875,10648
uneven,4,4,5.0,0,sibling-aware-oracle,31.779146666666666,32.84001333333334,32.84001333333334,152.68310546875,10648
uneven,4,4,5.0,1,local-only,32.99258666666666,36.52849333333333,36.52849333333333,0.0,0
uneven,4,4,5.0,1,least-loaded,34.297555208333335,35.37524,35.37524,173.3642578125,28790
uneven,4,4,5.0,1,KV-cost,34.026195208333334,35.1458,35.1458,173.3642578125,12104
uneven,4,4,5.0,1,tree-aware-greedy-oracle,33.77858187499999,35.14524854166666,35.14524854166666,183.2978515625,0
uneven,4,4,5.0,1,sibling-aware-oracle,33.77858187499999,35.14524854166666,35.14524854166666,183.2978515625,0
uneven,4,4,5.0,2,local-only,31.02217333333333,41.39976000000001,41.39976000000001,0.0,0
uneven,4,4,5.0,2,least-loaded,33.04062666666667,34.60335604166667,34.60335604166667,138.47509765625,19111
uneven,4,4,5.0,2,KV-cost,33.04062666666667,34.36703604166667,34.36703604166667,138.47509765625,13203
uneven,4,4,5.0,2,tree-aware-greedy-oracle,33.20388,34.54925333333334,34.54925333333334,144.98388671875,25893
uneven,4,4,5.0,2,sibling-aware-oracle,33.20388,34.54925333333334,34.54925333333334,144.98388671875,25893
uneven,4,4,5.0,3,local-only,33.64321333333334,34.45413333333334,34.45413333333334,0.0,0
uneven,4,4,5.0,3,least-loaded,33.72820000000001,33.97859182291668,33.97859182291668,161.7861328125,2390
uneven,4,4,5.0,3,KV-cost,33.72820000000001,33.97859182291668,33.97859182291668,161.7861328125,2390
uneven,4,4,5.0,3,tree-aware-greedy-oracle,33.68932369791667,34.07697333333334,34.07697333333334,139.8115234375,2390
uneven,4,4,5.0,3,sibling-aware-oracle,33.68932369791667,34.07697333333334,34.07697333333334,139.8115234375,2390
uneven,4,4,5.0,4,local-only,32.00577333333333,34.19015999999999,34.19015999999999,0.0,0
uneven,4,4,5.0,4,least-loaded,32.21724,34.11497541666667,34.11497541666667,182.57958984375,26844
uneven,4,4,5.0,4,KV-cost,32.21724,33.945575416666664,33.945575416666664,182.57958984375,22609
uneven,4,4,5.0,4,tree-aware-greedy-oracle,32.31183927083333,33.872440000000005,33.872440000000005,168.021484375,17700
uneven,4,4,5.0,4,sibling-aware-oracle,32.31183927083333,33.872440000000005,33.872440000000005,168.021484375,17700
uneven,4,4,20.0,0,local-only,32.17641333333333,34.55812000000001,34.55812000000001,0.0,0
uneven,4,4,20.0,0,least-loaded,31.674786666666666,32.93912121093751,32.93912121093751,163.2607421875,0
uneven,4,4,20.0,0,KV-cost,31.674786666666666,32.79088000000001,32.79088000000001,160.31591796875,0
uneven,4,4,20.0,0,tree-aware-greedy-oracle,31.608120000000003,33.09088,33.09088,159.69921875,0
uneven,4,4,20.0,0,sibling-aware-oracle,31.608120000000003,33.09088,33.09088,159.69921875,0
uneven,4,4,20.0,1,local-only,32.99258666666666,36.52849333333333,36.52849333333333,0.0,0
uneven,4,4,20.0,1,least-loaded,33.92413333333334,34.76882983072916,34.76882983072916,179.75390625,0
uneven,4,4,20.0,1,KV-cost,33.92413333333334,34.62779076822916,34.62779076822916,173.640625,0
uneven,4,4,20.0,1,tree-aware-greedy-oracle,34.07413333333333,34.54258666666667,34.54258666666667,187.67578125,0
uneven,4,4,20.0,1,sibling-aware-oracle,34.07413333333333,34.54258666666667,34.54258666666667,187.67578125,0
uneven,4,4,20.0,2,local-only,31.02217333333333,41.39976000000001,41.39976000000001,0.0,0
uneven,4,4,20.0,2,least-loaded,33.205506666666665,34.05581395833333,34.05581395833333,148.845703125,0
uneven,4,4,20.0,2,KV-cost,33.205506666666665,33.91057567708333,33.91057567708333,145.9609375,0
uneven,4,4,20.0,2,tree-aware-greedy-oracle,33.49069326822916,34.00043999999999,34.00043999999999,162.8798828125,0
uneven,4,4,20.0,2,sibling-aware-oracle,33.49069326822916,34.00043999999999,34.00043999999999,162.8798828125,0
uneven,4,4,20.0,3,local-only,33.64321333333334,34.45413333333334,34.45413333333334,0.0,0
uneven,4,4,20.0,3,least-loaded,33.711533333333335,34.010306666666665,34.010306666666665,156.7978515625,0
uneven,4,4,20.0,3,KV-cost,33.711533333333335,34.010306666666665,34.010306666666665,156.7978515625,0
uneven,4,4,20.0,3,tree-aware-greedy-oracle,33.743640000000006,33.869656276041674,33.869656276041674,171.54638671875,0
uneven,4,4,20.0,3,sibling-aware-oracle,33.743640000000006,33.869656276041674,33.869656276041674,171.54638671875,0
uneven,4,4,20.0,4,local-only,32.00577333333333,34.19015999999999,34.19015999999999,0.0,0
uneven,4,4,20.0,4,least-loaded,32.32566981770833,33.59350022135416,33.59350022135416,175.0791015625,0
uneven,4,4,20.0,4,KV-cost,32.32566981770833,33.489106666666665,33.489106666666665,170.72216796875,0
uneven,4,4,20.0,4,tree-aware-greedy-oracle,31.844106666666658,33.413365130208334,33.413365130208334,182.67724609375,0
uneven,4,4,20.0,4,sibling-aware-oracle,31.844106666666658,33.413365130208334,33.413365130208334,182.67724609375,0
uneven,4,4,80.0,0,local-only,32.17641333333333,34.55812000000001,34.55812000000001,0.0,0
uneven,4,4,80.0,0,least-loaded,31.674786666666666,32.82869030273438,32.82869030273438,163.2607421875,0
uneven,4,4,80.0,0,KV-cost,31.674786666666666,32.79088000000001,32.79088000000001,160.31591796875,0
uneven,4,4,80.0,0,tree-aware-greedy-oracle,31.608120000000003,33.09088,33.09088,159.69921875,0
uneven,4,4,80.0,0,sibling-aware-oracle,31.608120000000003,33.09088,33.09088,159.69921875,0
uneven,4,4,80.0,1,local-only,32.99258666666666,36.52849333333333,36.52849333333333,0.0,0
uneven,4,4,80.0,1,least-loaded,33.92413333333334,34.57156976562501,34.57156976562501,179.75390625,0
uneven,4,4,80.0,1,KV-cost,33.92413333333334,34.535560000000004,34.535560000000004,173.640625,0
uneven,4,4,80.0,1,tree-aware-greedy-oracle,34.07413333333333,34.54258666666667,34.54258666666667,187.67578125,0
uneven,4,4,80.0,1,sibling-aware-oracle,34.07413333333333,34.54258666666667,34.54258666666667,187.67578125,0
uneven,4,4,80.0,2,local-only,31.02217333333333,41.39976000000001,41.39976000000001,0.0,0
uneven,4,4,80.0,2,least-loaded,33.08377333333333,34.27015290364583,34.27015290364583,155.27392578125,0
uneven,4,4,80.0,2,KV-cost,33.08377333333333,34.23309333333333,34.23309333333333,152.38916015625,0
uneven,4,4,80.0,2,tree-aware-greedy-oracle,32.98407999999999,34.00550666666667,34.00550666666667,161.2958984375,0
uneven,4,4,80.0,2,sibling-aware-oracle,32.98407999999999,34.00550666666667,34.00550666666667,161.2958984375,0
uneven,4,4,80.0,3,local-only,33.64321333333334,34.45413333333334,34.45413333333334,0.0,0
uneven,4,4,80.0,3,least-loaded,33.711533333333335,34.010306666666665,34.010306666666665,156.7978515625,0
uneven,4,4,80.0,3,KV-cost,33.711533333333335,34.010306666666665,34.010306666666665,156.7978515625,0
uneven,4,4,80.0,3,tree-aware-greedy-oracle,33.743640000000006,33.86153333333334,33.86153333333334,171.54638671875,0
uneven,4,4,80.0,3,sibling-aware-oracle,33.743640000000006,33.86153333333334,33.86153333333334,171.54638671875,0
uneven,4,4,80.0,4,local-only,32.00577333333333,34.19015999999999,34.19015999999999,0.0,0
uneven,4,4,80.0,4,least-loaded,32.29257333333333,33.16595505533854,33.16595505533854,179.38525390625,0
uneven,4,4,80.0,4,KV-cost,32.29257333333333,33.13910666666666,33.13910666666666,175.0283203125,0
uneven,4,4,80.0,4,tree-aware-greedy-oracle,32.38910666666666,33.125906666666666,33.125906666666666,180.7978515625,0
uneven,4,4,80.0,4,sibling-aware-oracle,32.38910666666666,33.125906666666666,33.125906666666666,180.7978515625,0
uneven,16,4,5.0,0,local-only,129.20037333333335,133.74825333333328,133.74825333333328,0.0,0
uneven,16,4,5.0,0,least-loaded,128.43370666666664,130.8503733333333,130.8503733333333,790.79296875,0
uneven,16,4,5.0,0,KV-cost,128.43370666666664,130.8503733333333,130.8503733333333,790.79296875,0
uneven,16,4,5.0,0,tree-aware-greedy-oracle,128.16313333333335,130.63503999999998,130.63503999999998,803.1640625,0
uneven,16,4,5.0,0,sibling-aware-oracle,128.16313333333335,130.63503999999998,130.63503999999998,803.1640625,0
uneven,16,4,5.0,1,local-only,131.39750666666657,166.55766666666665,166.55766666666665,0.0,0
uneven,16,4,5.0,1,least-loaded,130.70803999999993,132.99794666666656,132.99794666666656,790.12109375,0
uneven,16,4,5.0,1,KV-cost,130.70803999999993,132.99794666666656,132.99794666666656,790.12109375,0
uneven,16,4,5.0,1,tree-aware-greedy-oracle,130.7364933333333,133.1364933333333,133.1364933333333,780.87744140625,0
uneven,16,4,5.0,1,sibling-aware-oracle,130.7364933333333,133.1364933333333,133.1364933333333,780.87744140625,0
uneven,16,4,5.0,2,local-only,133.5546799999999,143.29689333333332,143.29689333333332,0.0,0
uneven,16,4,5.0,2,least-loaded,133.19689333333335,136.08022666666668,136.08022666666668,709.14306640625,0
uneven,16,4,5.0,2,KV-cost,133.19689333333335,136.08022666666668,136.08022666666668,709.14306640625,0
uneven,16,4,5.0,2,tree-aware-greedy-oracle,133.67639999999994,135.99757333333335,135.99757333333335,714.44482421875,0
uneven,16,4,5.0,2,sibling-aware-oracle,133.67639999999994,135.99757333333335,135.99757333333335,714.44482421875,0
uneven,16,4,5.0,3,local-only,131.82921333333326,172.4904666666667,172.4904666666667,0.0,0
uneven,16,4,5.0,3,least-loaded,130.84587999999994,133.60289333333327,133.60289333333327,806.10400390625,0
uneven,16,4,5.0,3,KV-cost,130.84587999999994,133.60289333333327,133.60289333333327,806.10400390625,0
uneven,16,4,5.0,3,tree-aware-greedy-oracle,131.07891999999993,133.7037466666666,133.7037466666666,775.72021484375,0
uneven,16,4,5.0,3,sibling-aware-oracle,131.07891999999993,133.7037466666666,133.7037466666666,775.72021484375,0
uneven,16,4,5.0,4,local-only,127.57924,167.4460400000001,167.4460400000001,0.0,0
uneven,16,4,5.0,4,least-loaded,129.91361333333336,132.4969466666667,132.4969466666667,804.61767578125,0
uneven,16,4,5.0,4,KV-cost,129.91361333333336,132.4969466666667,132.4969466666667,804.61767578125,0
uneven,16,4,5.0,4,tree-aware-greedy-oracle,129.8120133333333,132.07218666666668,132.07218666666668,812.0849609375,0
uneven,16,4,5.0,4,sibling-aware-oracle,129.8120133333333,132.07218666666668,132.07218666666668,812.0849609375,0
uneven,16,4,20.0,0,local-only,129.20037333333335,133.74825333333328,133.74825333333328,0.0,0
uneven,16,4,20.0,0,least-loaded,128.43370666666664,130.8503733333333,130.8503733333333,790.79296875,0
uneven,16,4,20.0,0,KV-cost,128.43370666666664,130.8503733333333,130.8503733333333,790.79296875,0
uneven,16,4,20.0,0,tree-aware-greedy-oracle,128.16313333333335,130.63503999999998,130.63503999999998,803.1640625,0
uneven,16,4,20.0,0,sibling-aware-oracle,128.16313333333335,130.63503999999998,130.63503999999998,803.1640625,0
uneven,16,4,20.0,1,local-only,131.39750666666657,166.55766666666665,166.55766666666665,0.0,0
uneven,16,4,20.0,1,least-loaded,130.70803999999993,132.99794666666656,132.99794666666656,790.12109375,0
uneven,16,4,20.0,1,KV-cost,130.70803999999993,132.99794666666656,132.99794666666656,790.12109375,0
uneven,16,4,20.0,1,tree-aware-greedy-oracle,130.7364933333333,133.1364933333333,133.1364933333333,780.87744140625,0
uneven,16,4,20.0,1,sibling-aware-oracle,130.7364933333333,133.1364933333333,133.1364933333333,780.87744140625,0
uneven,16,4,20.0,2,local-only,133.5546799999999,143.29689333333332,143.29689333333332,0.0,0
uneven,16,4,20.0,2,least-loaded,133.19689333333335,136.08022666666668,136.08022666666668,709.14306640625,0
uneven,16,4,20.0,2,KV-cost,133.19689333333335,136.08022666666668,136.08022666666668,709.14306640625,0
uneven,16,4,20.0,2,tree-aware-greedy-oracle,133.67639999999994,135.99757333333335,135.99757333333335,714.44482421875,0
uneven,16,4,20.0,2,sibling-aware-oracle,133.67639999999994,135.99757333333335,135.99757333333335,714.44482421875,0
uneven,16,4,20.0,3,local-only,131.82921333333326,172.4904666666667,172.4904666666667,0.0,0
uneven,16,4,20.0,3,least-loaded,130.84587999999994,133.60289333333327,133.60289333333327,806.10400390625,0
uneven,16,4,20.0,3,KV-cost,130.84587999999994,133.60289333333327,133.60289333333327,806.10400390625,0
uneven,16,4,20.0,3,tree-aware-greedy-oracle,131.07891999999993,133.7037466666666,133.7037466666666,775.72021484375,0
uneven,16,4,20.0,3,sibling-aware-oracle,131.07891999999993,133.7037466666666,133.7037466666666,775.72021484375,0
uneven,16,4,20.0,4,local-only,127.57924,167.4460400000001,167.4460400000001,0.0,0
uneven,16,4,20.0,4,least-loaded,129.91361333333336,132.4969466666667,132.4969466666667,804.61767578125,0
uneven,16,4,20.0,4,KV-cost,129.91361333333336,132.4969466666667,132.4969466666667,804.61767578125,0
uneven,16,4,20.0,4,tree-aware-greedy-oracle,129.8120133333333,132.07218666666668,132.07218666666668,812.0849609375,0
uneven,16,4,20.0,4,sibling-aware-oracle,129.8120133333333,132.07218666666668,132.07218666666668,812.0849609375,0
uneven,16,4,80.0,0,local-only,129.20037333333335,133.74825333333328,133.74825333333328,0.0,0
uneven,16,4,80.0,0,least-loaded,128.43370666666664,130.8503733333333,130.8503733333333,790.79296875,0
uneven,16,4,80.0,0,KV-cost,128.43370666666664,130.8503733333333,130.8503733333333,790.79296875,0
uneven,16,4,80.0,0,tree-aware-greedy-oracle,128.16313333333335,130.63503999999998,130.63503999999998,803.1640625,0
uneven,16,4,80.0,0,sibling-aware-oracle,128.16313333333335,130.63503999999998,130.63503999999998,803.1640625,0
uneven,16,4,80.0,1,local-only,131.39750666666657,166.55766666666665,166.55766666666665,0.0,0
uneven,16,4,80.0,1,least-loaded,130.70803999999993,132.99794666666656,132.99794666666656,790.12109375,0
uneven,16,4,80.0,1,KV-cost,130.70803999999993,132.99794666666656,132.99794666666656,790.12109375,0
uneven,16,4,80.0,1,tree-aware-greedy-oracle,130.7364933333333,133.1364933333333,133.1364933333333,780.87744140625,0
uneven,16,4,80.0,1,sibling-aware-oracle,130.7364933333333,133.1364933333333,133.1364933333333,780.87744140625,0
uneven,16,4,80.0,2,local-only,133.5546799999999,143.29689333333332,143.29689333333332,0.0,0
uneven,16,4,80.0,2,least-loaded,133.19689333333335,136.08022666666668,136.08022666666668,709.14306640625,0
uneven,16,4,80.0,2,KV-cost,133.19689333333335,136.08022666666668,136.08022666666668,709.14306640625,0
uneven,16,4,80.0,2,tree-aware-greedy-oracle,133.67639999999994,135.99757333333335,135.99757333333335,714.44482421875,0
uneven,16,4,80.0,2,sibling-aware-oracle,133.67639999999994,135.99757333333335,135.99757333333335,714.44482421875,0
uneven,16,4,80.0,3,local-only,131.82921333333326,172.4904666666667,172.4904666666667,0.0,0
uneven,16,4,80.0,3,least-loaded,130.84587999999994,133.60289333333327,133.60289333333327,806.10400390625,0
uneven,16,4,80.0,3,KV-cost,130.84587999999994,133.60289333333327,133.60289333333327,806.10400390625,0
uneven,16,4,80.0,3,tree-aware-greedy-oracle,131.07891999999993,133.7037466666666,133.7037466666666,775.72021484375,0
uneven,16,4,80.0,3,sibling-aware-oracle,131.07891999999993,133.7037466666666,133.7037466666666,775.72021484375,0
uneven,16,4,80.0,4,local-only,127.57924,167.4460400000001,167.4460400000001,0.0,0
uneven,16,4,80.0,4,least-loaded,129.91361333333336,132.4969466666667,132.4969466666667,804.61767578125,0
uneven,16,4,80.0,4,KV-cost,129.91361333333336,132.4969466666667,132.4969466666667,804.61767578125,0
uneven,16,4,80.0,4,tree-aware-greedy-oracle,129.8120133333333,132.07218666666668,132.07218666666668,812.0849609375,0
uneven,16,4,80.0,4,sibling-aware-oracle,129.8120133333333,132.07218666666668,132.07218666666668,812.0849609375,0
uneven,64,4,5.0,0,local-only,521.8039066666671,532.7074533333333,536.7074533333334,0.0,0
uneven,64,4,5.0,0,least-loaded,522.0888400000003,529.4388400000004,530.2307599999998,3018.205078125,0
uneven,64,4,5.0,0,KV-cost,522.0888400000003,529.4388400000004,530.2307599999998,3018.205078125,0
uneven,64,4,5.0,0,tree-aware-greedy-oracle,521.8024400000005,529.4691066666672,530.3985200000001,2981.68310546875,0
uneven,64,4,5.0,0,sibling-aware-oracle,521.8024400000005,529.4691066666672,530.3985200000001,2981.68310546875,0
uneven,64,4,5.0,1,local-only,514.6195466666671,590.7200933333335,593.7034266666668,0.0,0
uneven,64,4,5.0,1,least-loaded,524.0867600000004,531.4978133333327,532.0345066666674,3258.171875,0
uneven,64,4,5.0,1,KV-cost,524.0867600000004,531.4978133333327,532.0345066666674,3258.171875,0
uneven,64,4,5.0,1,tree-aware-greedy-oracle,524.6129466666667,531.5886000000003,532.3509999999999,3180.66015625,0
uneven,64,4,5.0,1,sibling-aware-oracle,524.6129466666667,531.5886000000003,532.3509999999999,3180.66015625,0
uneven,64,4,5.0,2,local-only,520.4452533333337,547.3586266666672,551.2586266666673,0.0,0
uneven,64,4,5.0,2,least-loaded,522.6146000000003,530.4752933333335,531.9547333333335,3073.62158203125,0
uneven,64,4,5.0,2,KV-cost,522.6146000000003,530.4752933333335,531.9547333333335,3073.62158203125,0
uneven,64,4,5.0,2,tree-aware-greedy-oracle,523.7736533333333,530.6392933333337,531.6736533333333,3107.64501953125,0
uneven,64,4,5.0,2,sibling-aware-oracle,523.7736533333333,530.6392933333337,531.6736533333333,3107.64501953125,0
uneven,64,4,5.0,3,local-only,525.0423200000002,562.9934933333335,566.3101600000002,0.0,0
uneven,64,4,5.0,3,least-loaded,528.3583199999997,535.508986666667,536.2848400000001,3166.16162109375,0
uneven,64,4,5.0,3,KV-cost,528.3583199999997,535.508986666667,536.2848400000001,3166.16162109375,0
uneven,64,4,5.0,3,tree-aware-greedy-oracle,528.0042000000001,535.4062133333334,536.70208,3264.3544921875,0
uneven,64,4,5.0,3,sibling-aware-oracle,528.0042000000001,535.4062133333334,536.70208,3264.3544921875,0
uneven,64,4,5.0,4,local-only,541.8876533333333,558.8161200000001,561.86612,0.0,0
uneven,64,4,5.0,4,least-loaded,520.3514799999998,528.4876533333336,529.7994533333328,3129.34375,0
uneven,64,4,5.0,4,KV-cost,520.3514799999998,528.4876533333336,529.7994533333328,3129.34375,0
uneven,64,4,5.0,4,tree-aware-greedy-oracle,520.7123333333336,528.626,529.2736666666661,3161.75537109375,0
uneven,64,4,5.0,4,sibling-aware-oracle,520.7123333333336,528.626,529.2736666666661,3161.75537109375,0
uneven,64,4,20.0,0,local-only,521.8039066666671,532.7074533333333,536.7074533333334,0.0,0
uneven,64,4,20.0,0,least-loaded,522.0888400000003,529.4388400000004,530.2307599999998,3018.205078125,0
uneven,64,4,20.0,0,KV-cost,522.0888400000003,529.4388400000004,530.2307599999998,3018.205078125,0
uneven,64,4,20.0,0,tree-aware-greedy-oracle,521.8024400000005,529.4691066666672,530.3985200000001,2981.68310546875,0
uneven,64,4,20.0,0,sibling-aware-oracle,521.8024400000005,529.4691066666672,530.3985200000001,2981.68310546875,0
uneven,64,4,20.0,1,local-only,514.6195466666671,590.7200933333335,593.7034266666668,0.0,0
uneven,64,4,20.0,1,least-loaded,524.0867600000004,531.4978133333327,532.0345066666674,3258.171875,0
uneven,64,4,20.0,1,KV-cost,524.0867600000004,531.4978133333327,532.0345066666674,3258.171875,0
uneven,64,4,20.0,1,tree-aware-greedy-oracle,524.6129466666667,531.5886000000003,532.3509999999999,3180.66015625,0
uneven,64,4,20.0,1,sibling-aware-oracle,524.6129466666667,531.5886000000003,532.3509999999999,3180.66015625,0
uneven,64,4,20.0,2,local-only,520.4452533333337,547.3586266666672,551.2586266666673,0.0,0
uneven,64,4,20.0,2,least-loaded,522.6146000000003,530.4752933333335,531.9547333333335,3073.62158203125,0
uneven,64,4,20.0,2,KV-cost,522.6146000000003,530.4752933333335,531.9547333333335,3073.62158203125,0
uneven,64,4,20.0,2,tree-aware-greedy-oracle,523.7736533333333,530.6392933333337,531.6736533333333,3107.64501953125,0
uneven,64,4,20.0,2,sibling-aware-oracle,523.7736533333333,530.6392933333337,531.6736533333333,3107.64501953125,0
uneven,64,4,20.0,3,local-only,525.0423200000002,562.9934933333335,566.3101600000002,0.0,0
uneven,64,4,20.0,3,least-loaded,528.3583199999997,535.508986666667,536.2848400000001,3166.16162109375,0
uneven,64,4,20.0,3,KV-cost,528.3583199999997,535.508986666667,536.2848400000001,3166.16162109375,0
uneven,64,4,20.0,3,tree-aware-greedy-oracle,528.0042000000001,535.4062133333334,536.70208,3264.3544921875,0
uneven,64,4,20.0,3,sibling-aware-oracle,528.0042000000001,535.4062133333334,536.70208,3264.3544921875,0
uneven,64,4,20.0,4,local-only,541.8876533333333,558.8161200000001,561.86612,0.0,0
uneven,64,4,20.0,4,least-loaded,520.3514799999998,528.4876533333336,529.7994533333328,3129.34375,0
uneven,64,4,20.0,4,KV-cost,520.3514799999998,528.4876533333336,529.7994533333328,3129.34375,0
uneven,64,4,20.0,4,tree-aware-greedy-oracle,520.7123333333336,528.626,529.2736666666661,3161.75537109375,0
uneven,64,4,20.0,4,sibling-aware-oracle,520.7123333333336,528.626,529.2736666666661,3161.75537109375,0
uneven,64,4,80.0,0,local-only,521.8039066666671,532.7074533333333,536.7074533333334,0.0,0
uneven,64,4,80.0,0,least-loaded,522.0888400000003,529.4388400000004,530.2307599999998,3018.205078125,0
uneven,64,4,80.0,0,KV-cost,522.0888400000003,529.4388400000004,530.2307599999998,3018.205078125,0
uneven,64,4,80.0,0,tree-aware-greedy-oracle,521.8024400000005,529.4691066666672,530.3985200000001,2981.68310546875,0
uneven,64,4,80.0,0,sibling-aware-oracle,521.8024400000005,529.4691066666672,530.3985200000001,2981.68310546875,0
uneven,64,4,80.0,1,local-only,514.6195466666671,590.7200933333335,593.7034266666668,0.0,0
uneven,64,4,80.0,1,least-loaded,524.0867600000004,531.4978133333327,532.0345066666674,3258.171875,0
uneven,64,4,80.0,1,KV-cost,524.0867600000004,531.4978133333327,532.0345066666674,3258.171875,0
uneven,64,4,80.0,1,tree-aware-greedy-oracle,524.6129466666667,531.5886000000003,532.3509999999999,3180.66015625,0
uneven,64,4,80.0,1,sibling-aware-oracle,524.6129466666667,531.5886000000003,532.3509999999999,3180.66015625,0
uneven,64,4,80.0,2,local-only,520.4452533333337,547.3586266666672,551.2586266666673,0.0,0
uneven,64,4,80.0,2,least-loaded,522.6146000000003,530.4752933333335,531.9547333333335,3073.62158203125,0
uneven,64,4,80.0,2,KV-cost,522.6146000000003,530.4752933333335,531.9547333333335,3073.62158203125,0
uneven,64,4,80.0,2,tree-aware-greedy-oracle,523.7736533333333,530.6392933333337,531.6736533333333,3107.64501953125,0
uneven,64,4,80.0,2,sibling-aware-oracle,523.7736533333333,530.6392933333337,531.6736533333333,3107.64501953125,0
uneven,64,4,80.0,3,local-only,525.0423200000002,562.9934933333335,566.3101600000002,0.0,0
uneven,64,4,80.0,3,least-loaded,528.3583199999997,535.508986666667,536.2848400000001,3166.16162109375,0
uneven,64,4,80.0,3,KV-cost,528.3583199999997,535.508986666667,536.2848400000001,3166.16162109375,0
uneven,64,4,80.0,3,tree-aware-greedy-oracle,528.0042000000001,535.4062133333334,536.70208,3264.3544921875,0
uneven,64,4,80.0,3,sibling-aware-oracle,528.0042000000001,535.4062133333334,536.70208,3264.3544921875,0
uneven,64,4,80.0,4,local-only,541.8876533333333,558.8161200000001,561.86612,0.0,0
uneven,64,4,80.0,4,least-loaded,520.3514799999998,528.4876533333336,529.7994533333328,3129.34375,0
uneven,64,4,80.0,4,KV-cost,520.3514799999998,528.4876533333336,529.7994533333328,3129.34375,0
uneven,64,4,80.0,4,tree-aware-greedy-oracle,520.7123333333336,528.626,529.2736666666661,3161.75537109375,0
uneven,64,4,80.0,4,sibling-aware-oracle,520.7123333333336,528.626,529.2736666666661,3161.75537109375,0
