tree_id,shape,node_count,flat_latency_s,tree_w1_0_latency_s,tree_w0_5_latency_s,tree_w1_0_delta_vs_flat_pct,tree_w0_5_delta_vs_flat_pct,flat_majority_correct,tree_w1_0_majority_correct,tree_w0_5_majority_correct
0,balanced,7,178.674488,184.352673,183.184,-3.177949501106175,-2.523870111775555,True,True,True
1,broad,10,190.261716,181.145632,179.450811,4.791339104709851,5.682123144521633,True,True,True
2,chain,6,367.574011,383.003541,383.970174,-4.197666194632025,-4.460642621439305,True,True,True
3,skewed,9,358.067,349.693843,352.306327,2.338433030689785,1.60882544328296,True,True,True
4,balanced,7,231.596331,235.491831,222.91443,-1.6820214651846097,3.748721304224799,True,True,True
5,broad,10,228.383321,214.237559,231.27917,6.1938682466220865,-1.2679774456909656,True,True,True
6,chain,6,371.620852,368.824941,376.309981,0.7523557908424335,-1.261804598628922,True,True,True
7,skewed,9,348.035726,352.094741,344.19616,-1.1662638909661784,1.1032103066338628,True,True,True
8,balanced,7,263.891097,276.741707,264.474196,-4.8696640948065095,-0.2209619826621147,True,True,True
9,broad,10,276.573694,262.393593,280.166452,5.127060637950614,-1.299023760372526,True,True,True
10,chain,6,368.651473,367.580275,362.271554,0.29057201135882565,1.7306099303175793,True,True,True
11,skewed,9,364.503135,356.925129,375.155543,2.0789961106918766,-2.9224461951472755,True,True,True
12,balanced,7,310.3272,305.666115,307.629959,1.5019904797259196,0.8691603571971841,True,True,True
13,broad,10,319.451688,285.673855,316.984771,10.57369056694419,0.7722347674681771,True,True,True
14,chain,6,389.148072,381.970995,382.518042,1.8443049102399245,1.7037293711685233,True,True,True
15,skewed,9,350.642281,359.419226,370.262693,-2.5031051517714586,-5.595563645104164,True,True,True
