tree_id,arm,descendant_request_count,predicted_remaining_tree_work_s,realized_descendant_ttft_plus_decode_s,realized_over_predicted_ratio,descendant_queue_wait_sum_s,descendant_http_latency_sum_s
0,flat,6,80.559581,77.07836794480681,0.956787100777086,59.93183036521077,137.160074
1,flat,9,122.58938,103.12252326775342,0.841202747479051,92.04555187583901,195.399527
2,flat,5,68.11912,80.00164600950666,1.1744374561724618,59.26348587917164,139.384725
3,flat,8,108.911397,104.36638498399407,0.9582687198842383,85.87018163618632,190.438206
4,flat,6,79.956455,80.42670858907513,1.0058813711672825,85.84738699626178,166.423567
5,flat,9,120.970505,74.87860372732393,0.6189823190977333,112.07658203272149,187.17558400000001
6,flat,5,67.567203,46.39019017433748,0.6865785190832522,53.04102127207443,99.54785
7,flat,8,109.231664,71.33826025715098,0.6530913990026828,75.37962123169564,146.918143
8,flat,6,80.25119,83.92024784628302,1.0457196690327337,69.41955400095321,153.48937900000004
9,flat,9,120.729456,135.7744594826363,1.1246175041378161,100.47808103845455,236.47977500000002
10,flat,5,67.18655,38.14849584293552,0.5677995944565619,65.19236941728741,103.452479
11,flat,8,108.09036,120.43175877910107,1.1141766830927482,108.98057918716222,229.61491300000003
12,flat,6,79.877935,82.95437180716544,1.0385142255763804,86.87197582470253,169.976684
13,flat,9,120.965412,93.61040344252251,0.7738609069716764,109.57797447917983,203.413864
14,flat,5,68.080428,70.28378560091369,1.0323640386178785,37.96513071912341,108.36396599999999
15,flat,8,107.18105,78.09165448788553,0.7285957217986345,92.69877404533327,170.989437
0,tree_w0.5,6,80.559581,69.54048895882443,0.8632181063457174,55.051283033331856,124.74329
1,tree_w0.5,9,122.58938,95.9538923127111,0.7827259776720553,92.6881043810863,188.86781299999998
2,tree_w0.5,5,68.11912,85.89629651675932,1.260971905050437,68.02409466425888,154.040077
3,tree_w0.5,8,108.911397,107.51993996277452,0.9872239538234416,85.94949117582291,193.67040199999997
4,tree_w0.5,6,79.956455,68.98736341297626,0.862811681845778,79.71696418500505,148.85465000000002
5,tree_w0.5,9,120.970505,77.3995468725916,0.6398216397674094,114.5486400257796,192.17418199999997
6,tree_w0.5,5,67.567203,61.13201169599779,0.9047586548165651,47.643502675928175,108.896915
7,tree_w0.5,8,109.231664,77.12537711951882,0.70607161234419,79.36924103158526,156.696564
8,tree_w0.5,6,80.25119,84.3861718098633,1.0515254890284282,63.39560769032687,147.932573
9,tree_w0.5,9,120.729456,135.15084302215837,1.119452099760628,119.69947866699658,255.076456
10,tree_w0.5,5,67.18655,35.356401200871915,0.5262422493917595,59.217589816311374,94.684714
11,tree_w0.5,8,108.09036,128.79237543651834,1.1915250854610748,111.46905218507163,240.461639
12,tree_w0.5,6,79.877935,82.84972436795942,1.0372041336316398,93.66598623758182,176.666803
13,tree_w0.5,9,120.965412,92.5895882321056,0.7654220053589004,131.67650242894888,224.491126
14,tree_w0.5,5,68.080428,70.76773210987449,1.0394724914166886,37.796294304775074,108.685502
15,tree_w0.5,8,107.18105,83.90849186293781,0.7828668581147302,75.56665638112463,159.66792999999998
0,tree_w1.0,6,80.559581,73.35827127657831,0.9106088979854341,57.10691615450196,130.615583
1,tree_w1.0,9,122.58938,98.03775848727673,0.7997247272747177,93.64572023274377,191.90734600000002
2,tree_w1.0,5,68.11912,87.22927819099277,1.2805402975110773,55.13585315900855,142.48660499999997
3,tree_w1.0,8,108.911397,112.76093024411239,1.0353455501457978,90.97901606978849,203.97360600000002
4,tree_w1.0,6,79.956455,83.77455244609155,1.0477522102010592,71.9964668052271,155.920841
5,tree_w1.0,9,120.970505,76.3472331110388,0.6311227113670296,127.19779507257044,203.77116199999998
6,tree_w1.0,5,67.567203,56.62338192295283,0.8380305741374676,49.26465427991934,106.01032900000001
7,tree_w1.0,8,109.231664,75.01903815427795,0.6867883854106439,89.13324816105887,164.352743
8,tree_w1.0,6,80.25119,78.06827995809726,0.972799032115253,76.2765555717051,154.495191
9,tree_w1.0,9,120.729456,122.29851987259462,1.012996528971311,108.21632679365575,230.73808
10,tree_w1.0,5,67.18655,35.14612122392282,0.5231124566438197,55.7902646670118,91.05559699999999
11,tree_w1.0,8,108.09036,131.2712884354405,1.2144587957283195,81.5662760741543,213.038713
12,tree_w1.0,6,79.877935,80.42115171719342,1.0068005853831028,81.785649782978,162.356461
13,tree_w1.0,9,120.965412,89.43247567373328,0.7393227055162949,103.06505925138481,192.72168
14,tree_w1.0,5,68.080428,71.94420123216696,1.0567530690636517,38.654703727923334,110.70272999999999
15,tree_w1.0,8,107.18105,80.08371530589648,0.7471816641644813,112.35987066314556,192.648218
